Áedán_mac_Gabráin	Columba
Áedán_mac_Gabráin	Dál_Riata
Áedán_mac_Gabráin	Great_Britain
Áedán_mac_Gabráin	Ireland
Áedán_mac_Gabráin	Isle_of_Man
Áedán_mac_Gabráin	Monarchy
Áedán_mac_Gabráin	Orkney
Áedán_mac_Gabráin	Picts
Áedán_mac_Gabráin	Scotland
Áedán_mac_Gabráin	Wales
Åland	20th_century
Åland	Baltic_Sea
Åland	Crimean_War
Åland	Currency
Åland	Euro
Åland	European_Union
Åland	Finland
Åland	League_of_Nations
Åland	List_of_countries_by_system_of_government
Åland	Nationality
Åland	Parliamentary_system
Åland	Police
Åland	Russia
Åland	Stockholm
Åland	Sweden
Åland	Time_zone
Åland	Tourism
Åland	United_Kingdom
Åland	World_War_II
Édouard_Manet	Absinthe
Édouard_Manet	Beer
Édouard_Manet	Claude_Monet
Édouard_Manet	Diego_Velázquez
Édouard_Manet	Edgar_Allan_Poe
Édouard_Manet	France
Édouard_Manet	Francisco_Goya
Édouard_Manet	Germany
Édouard_Manet	Impressionism
Édouard_Manet	Italy
Édouard_Manet	Landscape
Édouard_Manet	Netherlands
Édouard_Manet	Painting
Édouard_Manet	Paris
Édouard_Manet	Photography
Édouard_Manet	Raphael
Édouard_Manet	Renaissance
Édouard_Manet	Sweden
Édouard_Manet	United_States_dollar
Édouard_Manet	Washington,_D.C.
Éire	Canada
Éire	English_language
Éire	George_VI_of_the_United_Kingdom
Éire	Ireland
Éire	Northern_Ireland
Éire	Ottawa
Éire	Republic_of_Ireland
Éire	United_Kingdom
Óengus_I_of_the_Picts	Dál_Riata
Óengus_I_of_the_Picts	Durham
Óengus_I_of_the_Picts	England
Óengus_I_of_the_Picts	Great_Britain
Óengus_I_of_the_Picts	Ireland
Óengus_I_of_the_Picts	Lion
Óengus_I_of_the_Picts	Mercia
Óengus_I_of_the_Picts	Scotland
Óengus_I_of_the_Picts	Viking
Óengus_I_of_the_Picts	York
€2_commemorative_coins	Athens
€2_commemorative_coins	Atlantic_Ocean
€2_commemorative_coins	Austria
€2_commemorative_coins	Belgium
€2_commemorative_coins	Berlin
€2_commemorative_coins	Brussels
€2_commemorative_coins	Cathedral_of_Magdeburg
€2_commemorative_coins	Cereal
€2_commemorative_coins	Christopher_Columbus
€2_commemorative_coins	Cologne
€2_commemorative_coins	Comet
€2_commemorative_coins	Dresden
€2_commemorative_coins	European_Union
